,fold 1,fold 2,fold 3,fold 4,fold 5,mean,std
RMSE train,29.46151833931204,29.53082316500032,28.39829855488516,30.112106013099655,28.967927070273323,29.294134628514104,0.5765500147972621
RMSE test,28.73382706383357,29.34405432515284,32.76465148972611,26.055461350257538,31.431768960422893,29.665952637878586,2.3120625340555567
R2 train,0.3128181908489479,0.323528348560158,0.332756856007954,0.31232347864425436,0.31208870019795887,0.3187031148518546,0.008244672106243786
R2 test,0.33784626416671437,0.24646321051296927,0.2670679118455316,0.337637535950038,0.30413917399031665,0.29863081929311397,0.03689822100004558
